{"cameraMode":{"drawMode":0,"name":"Shaded","section":"Shading Mode"},"sceneLighting":false,"audioPlay":false,"sceneViewState":{"m_AlwaysRefresh":false,"showFog":true,"showSkybox":false,"showFlares":true,"showImageEffects":true,"showParticleSystems":true,"showVisualEffectGraphs":true,"m_FxEnabled":true},"in2DMode":false,"pivot":{"x":0.23582836985588075,"y":-0.26310908794403078,"z":-0.07000589370727539},"rotation":{"x":-0.021735170856118203,"y":-0.9611800909042358,"z":0.26383715867996218,"w":-0.0788578987121582},"size":0.7732052206993103,"orthographic":false}