{"cameraMode":{"drawMode":0,"name":"Shaded","section":"Shading Mode"},"sceneLighting":false,"audioPlay":false,"sceneViewState":{"m_AlwaysRefresh":false,"showFog":true,"showSkybox":false,"showFlares":true,"showImageEffects":true,"showParticleSystems":true,"showVisualEffectGraphs":true,"m_FxEnabled":true},"in2DMode":false,"pivot":{"x":-0.3481689393520355,"y":-0.06345778703689575,"z":-1.4100414514541627},"rotation":{"x":0.0042442032136023048,"y":-0.9957275986671448,"z":0.06372252106666565,"w":0.06793735176324845},"size":1.5415399074554444,"orthographic":false}