{"cameraMode":{"drawMode":0,"name":"Shaded","section":"Shading Mode"},"sceneLighting":false,"audioPlay":false,"sceneViewState":{"m_AlwaysRefresh":false,"showFog":true,"showSkybox":false,"showFlares":true,"showImageEffects":true,"showParticleSystems":true,"showVisualEffectGraphs":true,"m_FxEnabled":true},"in2DMode":false,"pivot":{"x":-0.144671231508255,"y":2.1657590866088869,"z":9.961494445800782},"rotation":{"x":0.005065767094492912,"y":0.9948428869247437,"z":-0.0780654177069664,"w":0.06455700844526291},"size":1.5365967750549317,"orthographic":false}