{"cameraMode":{"drawMode":0,"name":"Shaded","section":"Shading Mode"},"sceneLighting":false,"audioPlay":false,"sceneViewState":{"m_AlwaysRefresh":false,"showFog":true,"showSkybox":false,"showFlares":true,"showImageEffects":true,"showParticleSystems":true,"showVisualEffectGraphs":true,"m_FxEnabled":true},"in2DMode":false,"pivot":{"x":0.04840213432908058,"y":-0.32238394021987917,"z":-0.38490045070648196},"rotation":{"x":-0.002393895760178566,"y":-0.9611296653747559,"z":0.27627408504486086,"w":-0.00803508423268795},"size":0.6928896307945252,"orthographic":false}