{"cameraMode":{"drawMode":0,"name":"Shaded","section":"Shading Mode"},"sceneLighting":false,"audioPlay":false,"sceneViewState":{"m_AlwaysRefresh":false,"showFog":true,"showSkybox":false,"showFlares":true,"showImageEffects":true,"showParticleSystems":true,"showVisualEffectGraphs":true,"m_FxEnabled":true},"in2DMode":false,"pivot":{"x":7.602739334106445,"y":1.0356812477111817,"z":0.5175132751464844},"rotation":{"x":0.035873234272003177,"y":0.9303681254386902,"z":-0.09465733915567398,"w":0.3524351716041565},"size":0.38902026414871218,"orthographic":false}