{"cameraMode":{"drawMode":0,"name":"Shaded","section":"Shading Mode"},"sceneLighting":false,"audioPlay":false,"sceneViewState":{"m_AlwaysRefresh":false,"showFog":true,"showSkybox":false,"showFlares":true,"showImageEffects":true,"showParticleSystems":true,"showVisualEffectGraphs":true,"m_FxEnabled":true},"in2DMode":false,"pivot":{"x":9.586082458496094,"y":0.45728641748428347,"z":-0.9173406362533569},"rotation":{"x":-0.030624039471149446,"y":0.8263080716133118,"z":0.04517363756895065,"w":0.5606038570404053},"size":3.3120839595794679,"orthographic":false}