{"cameraMode":{"drawMode":0,"name":"Shaded","section":"Shading Mode"},"sceneLighting":false,"audioPlay":false,"sceneViewState":{"m_AlwaysRefresh":false,"showFog":true,"showSkybox":false,"showFlares":true,"showImageEffects":true,"showParticleSystems":true,"showVisualEffectGraphs":true,"m_FxEnabled":true},"in2DMode":false,"pivot":{"x":0.008193612098693848,"y":0.7159533500671387,"z":0.009427398443222046},"rotation":{"x":0.005897668190300465,"y":0.791122317314148,"z":0.007573307491838932,"w":-0.6117199063301086},"size":0.854796290397644,"orthographic":false}