{"cameraMode":{"drawMode":0,"name":"Shaded","section":"Shading Mode"},"sceneLighting":false,"audioPlay":false,"sceneViewState":{"m_AlwaysRefresh":false,"showFog":true,"showSkybox":false,"showFlares":true,"showImageEffects":true,"showParticleSystems":true,"showVisualEffectGraphs":true,"m_FxEnabled":true},"in2DMode":false,"pivot":{"x":0.015303730964660645,"y":-0.017445743083953859,"z":-0.21814864873886109},"rotation":{"x":-0.15186578035354615,"y":-0.7985275983810425,"z":0.2256018966436386,"w":-0.5371738076210022},"size":0.8660253882408142,"orthographic":false}