{"cameraMode":{"drawMode":0,"name":"Shaded","section":"Shading Mode"},"sceneLighting":false,"audioPlay":false,"sceneViewState":{"m_AlwaysRefresh":false,"showFog":true,"showSkybox":false,"showFlares":true,"showImageEffects":true,"showParticleSystems":true,"showVisualEffectGraphs":true,"m_FxEnabled":true},"in2DMode":false,"pivot":{"x":-1.3013960123062134,"y":-0.053315818309783939,"z":1.0324162244796754},"rotation":{"x":-0.03719548508524895,"y":0.5991078615188599,"z":-0.027878165245056154,"w":-0.799321174621582},"size":1.5837078094482422,"orthographic":false}