{"cameraMode":{"drawMode":0,"name":"Shaded","section":"Shading Mode"},"sceneLighting":false,"audioPlay":false,"sceneViewState":{"m_AlwaysRefresh":false,"showFog":true,"showSkybox":false,"showFlares":true,"showImageEffects":true,"showParticleSystems":true,"showVisualEffectGraphs":true,"m_FxEnabled":true},"in2DMode":false,"pivot":{"x":-0.10949361324310303,"y":0.08491015434265137,"z":-0.8400213718414307},"rotation":{"x":0.0008981440914794803,"y":0.004499946255236864,"z":-0.000003964872121287044,"w":0.9999904632568359},"size":1.2928204536437989,"orthographic":true}