{"cameraMode":{"drawMode":0,"name":"Shaded","section":"Shading Mode"},"sceneLighting":false,"audioPlay":false,"sceneViewState":{"m_AlwaysRefresh":false,"showFog":true,"showSkybox":false,"showFlares":true,"showImageEffects":true,"showParticleSystems":true,"showVisualEffectGraphs":true,"m_FxEnabled":true},"in2DMode":false,"pivot":{"x":0.08823418617248535,"y":-0.14459070563316346,"z":0.024189308285713197},"rotation":{"x":0.08928178995847702,"y":0.6774367690086365,"z":-0.08329048752784729,"w":0.7254409790039063},"size":0.7022534012794495,"orthographic":false}