{"cameraMode":{"drawMode":0,"name":"Shaded","section":"Shading Mode"},"sceneLighting":false,"audioPlay":false,"sceneViewState":{"m_AlwaysRefresh":false,"showFog":true,"showSkybox":false,"showFlares":true,"showImageEffects":true,"showParticleSystems":true,"showVisualEffectGraphs":true,"m_FxEnabled":true},"in2DMode":false,"pivot":{"x":0.2762632369995117,"y":1.2506343126296998,"z":-1.1140575408935547},"rotation":{"x":-0.012909093871712685,"y":-0.9752284288406372,"z":-0.05917324125766754,"w":0.2127569615840912},"size":2.249647617340088,"orthographic":false}