{"cameraMode":{"drawMode":0,"name":"Shaded","section":"Shading Mode"},"sceneLighting":false,"audioPlay":false,"sceneViewState":{"m_AlwaysRefresh":false,"showFog":true,"showSkybox":false,"showFlares":true,"showImageEffects":true,"showParticleSystems":true,"showVisualEffectGraphs":true,"m_FxEnabled":true},"in2DMode":false,"pivot":{"x":-1.4054770469665528,"y":1.4031176567077637,"z":0.09646344184875488},"rotation":{"x":-0.0287820715457201,"y":-0.9188087582588196,"z":-0.06821049749851227,"w":0.38770344853401186},"size":3.749647378921509,"orthographic":false}