{"cameraMode":{"drawMode":0,"name":"Shaded","section":"Shading Mode"},"sceneLighting":false,"audioPlay":false,"sceneViewState":{"m_AlwaysRefresh":false,"showFog":true,"showSkybox":false,"showFlares":true,"showImageEffects":true,"showParticleSystems":true,"showVisualEffectGraphs":true,"m_FxEnabled":true},"in2DMode":false,"pivot":{"x":0.4661640524864197,"y":-0.9919970035552979,"z":-1.19066321849823},"rotation":{"x":0.06909829378128052,"y":0.9060854911804199,"z":-0.38456904888153078,"w":0.16261304914951325},"size":1.9022533893585206,"orthographic":false}