{"cameraMode":{"drawMode":0,"name":"Shaded","section":"Shading Mode"},"sceneLighting":false,"audioPlay":false,"sceneViewState":{"m_AlwaysRefresh":false,"showFog":true,"showSkybox":false,"showFlares":true,"showImageEffects":true,"showParticleSystems":true,"showVisualEffectGraphs":true,"m_FxEnabled":true},"in2DMode":false,"pivot":{"x":-0.27986714243888857,"y":-1.1131823062896729,"z":-2.119176149368286},"rotation":{"x":-0.00021763273980468512,"y":0.9908303022384644,"z":-0.13548924028873444,"w":-0.002385538537055254},"size":2.820322036743164,"orthographic":false}