{"cameraMode":{"drawMode":0,"name":"Shaded","section":"Shading Mode"},"sceneLighting":false,"audioPlay":false,"sceneViewState":{"m_AlwaysRefresh":false,"showFog":true,"showSkybox":false,"showFlares":true,"showImageEffects":true,"showParticleSystems":true,"showVisualEffectGraphs":true,"m_FxEnabled":true},"in2DMode":false,"pivot":{"x":0.2544257640838623,"y":-0.026593923568725587,"z":0.07854720950126648},"rotation":{"x":0.12702162563800813,"y":0.6388050317764282,"z":-0.10785192251205445,"w":0.7512038946151733},"size":0.8320509791374207,"orthographic":false}