{"cameraMode":{"drawMode":0,"name":"Shaded","section":"Shading Mode"},"sceneLighting":true,"audioPlay":false,"sceneViewState":{"m_AlwaysRefresh":false,"showFog":true,"showSkybox":true,"showFlares":true,"showImageEffects":true,"showParticleSystems":true,"showVisualEffectGraphs":true,"m_FxEnabled":true},"in2DMode":false,"pivot":{"x":14.649999618530274,"y":1.070000171661377,"z":-6.559999942779541},"rotation":{"x":0.09960170090198517,"y":-0.8190156817436218,"z":0.14984984695911408,"w":0.5449824333190918},"size":2.4247448444366457,"orthographic":false}