{"cameraMode":{"drawMode":0,"name":"Shaded","section":"Shading Mode"},"sceneLighting":false,"audioPlay":false,"sceneViewState":{"m_AlwaysRefresh":false,"showFog":true,"showSkybox":false,"showFlares":true,"showImageEffects":true,"showParticleSystems":true,"showVisualEffectGraphs":true,"m_FxEnabled":true},"in2DMode":false,"pivot":{"x":0.09614443778991699,"y":0.5943993330001831,"z":-1.7437353134155274},"rotation":{"x":0.002999095479026437,"y":-0.026701176539063455,"z":0.9996467232704163,"w":0.00008010317105799913},"size":2.4518978595733644,"orthographic":true}