{"cameraMode":{"drawMode":0,"name":"Shaded","section":"Shading Mode"},"sceneLighting":false,"audioPlay":false,"sceneViewState":{"m_AlwaysRefresh":false,"showFog":true,"showSkybox":false,"showFlares":true,"showImageEffects":true,"showParticleSystems":true,"showVisualEffectGraphs":true,"m_FxEnabled":true},"in2DMode":false,"pivot":{"x":0.07875487208366394,"y":0.1261315494775772,"z":-0.45362555980682375},"rotation":{"x":0.011031384579837323,"y":-0.4808080792427063,"z":0.006072553806006908,"w":0.8767564296722412},"size":1.7121087312698365,"orthographic":true}