{"cameraMode":{"drawMode":0,"name":"Shaded","section":"Shading Mode"},"sceneLighting":false,"audioPlay":false,"sceneViewState":{"m_AlwaysRefresh":false,"showFog":true,"showSkybox":false,"showFlares":true,"showImageEffects":true,"showParticleSystems":true,"showVisualEffectGraphs":true,"m_FxEnabled":true},"in2DMode":false,"pivot":{"x":0.6027970314025879,"y":0.45113328099250796,"z":-1.7275516986846924},"rotation":{"x":-0.10281941294670105,"y":0.35046082735061648,"z":-0.038736794143915179,"w":-0.930151641368866},"size":1.3335540294647217,"orthographic":true}