{"cameraMode":{"drawMode":0,"name":"Shaded","section":"Shading Mode"},"sceneLighting":false,"audioPlay":false,"sceneViewState":{"m_AlwaysRefresh":false,"showFog":true,"showSkybox":false,"showFlares":true,"showImageEffects":true,"showParticleSystems":true,"showVisualEffectGraphs":true,"m_FxEnabled":true},"in2DMode":false,"pivot":{"x":0.0710267424583435,"y":0.5412046909332275,"z":-0.08466625213623047},"rotation":{"x":0.03107624687254429,"y":-0.7557299137115479,"z":-0.6532706618309021,"w":-0.035758282989263538},"size":1.1313709020614625,"orthographic":true}