{"cameraMode":{"drawMode":0,"name":"Shaded","section":"Shading Mode"},"sceneLighting":false,"audioPlay":false,"sceneViewState":{"m_AlwaysRefresh":false,"showFog":true,"showSkybox":false,"showFlares":true,"showImageEffects":true,"showParticleSystems":true,"showVisualEffectGraphs":true,"m_FxEnabled":true},"in2DMode":false,"pivot":{"x":-0.26293498277664187,"y":0.03925502300262451,"z":0.28380274772644045},"rotation":{"x":-0.16801169514656068,"y":-0.03460884094238281,"z":0.005829295609146357,"w":-0.9852402806282044},"size":1.4154577255249024,"orthographic":false}