{"cameraMode":{"drawMode":0,"name":"Shaded","section":"Shading Mode"},"sceneLighting":false,"audioPlay":false,"sceneViewState":{"m_AlwaysRefresh":false,"showFog":true,"showSkybox":false,"showFlares":true,"showImageEffects":true,"showParticleSystems":true,"showVisualEffectGraphs":true,"m_FxEnabled":true},"in2DMode":false,"pivot":{"x":0.12368232011795044,"y":1.3571312427520753,"z":0.33263593912124636},"rotation":{"x":-0.24301767349243165,"y":0.31913861632347109,"z":-0.08503363281488419,"w":-0.9120656251907349},"size":0.7085590958595276,"orthographic":false}